-- --------------------------------------------------------
-- Host:                         127.0.0.1
-- Server version:               10.1.37-MariaDB - mariadb.org binary distribution
-- Server OS:                    Win32
-- HeidiSQL Version:             10.1.0.5585
-- --------------------------------------------------------

/*!40101 SET @OLD_CHARACTER_SET_CLIENT=@@CHARACTER_SET_CLIENT */;
/*!40101 SET NAMES utf8 */;
/*!50503 SET NAMES utf8mb4 */;
/*!40014 SET @OLD_FOREIGN_KEY_CHECKS=@@FOREIGN_KEY_CHECKS, FOREIGN_KEY_CHECKS=0 */;
/*!40101 SET @OLD_SQL_MODE=@@SQL_MODE, SQL_MODE='NO_AUTO_VALUE_ON_ZERO' */;


-- Dumping database structure for magazine
CREATE DATABASE IF NOT EXISTS `magazine` /*!40100 DEFAULT CHARACTER SET utf8 */;
USE `magazine`;

-- Dumping structure for table magazine.category
CREATE TABLE IF NOT EXISTS `category` (
  `CatID` int(11) NOT NULL AUTO_INCREMENT,
  `CatName` varchar(45) DEFAULT NULL,
  `GroupID` int(11) NOT NULL DEFAULT '0',
  PRIMARY KEY (`CatID`),
  KEY `FK_category_group_category` (`GroupID`),
  CONSTRAINT `FK_category_group_category` FOREIGN KEY (`GroupID`) REFERENCES `group_category` (`GroupID`)
) ENGINE=InnoDB AUTO_INCREMENT=14 DEFAULT CHARSET=utf8;

-- Dumping data for table magazine.category: ~9 rows (approximately)
/*!40000 ALTER TABLE `category` DISABLE KEYS */;
INSERT INTO `category` (`CatID`, `CatName`, `GroupID`) VALUES
	(1, 'Xã hội', 1),
	(2, 'Khoa học - Công nghệ', 2),
	(3, 'Pháp luật', 1),
	(4, 'Giáo dục', 1),
	(5, 'FunFact', 2),
	(6, 'Du lịch', 1),
	(7, 'Đời sống', 2),
	(8, 'Chính trị', 2),
	(9, 'Phim Hot', 1),
	(11, 'Khám phá', 1),
	(13, 'Giới trẻ', 1);
/*!40000 ALTER TABLE `category` ENABLE KEYS */;

-- Dumping structure for table magazine.editor_manage_category
CREATE TABLE IF NOT EXISTS `editor_manage_category` (
  `user_id` int(11) NOT NULL AUTO_INCREMENT,
  `CatID` int(11) NOT NULL,
  PRIMARY KEY (`user_id`,`CatID`),
  KEY `FK_editor_manage_category_category` (`CatID`),
  CONSTRAINT `FK_editor_manage_category_category` FOREIGN KEY (`CatID`) REFERENCES `category` (`CatID`),
  CONSTRAINT `FK_editor_manage_category_subscriber` FOREIGN KEY (`user_id`) REFERENCES `user` (`ID`)
) ENGINE=InnoDB DEFAULT CHARSET=utf8;

-- Dumping data for table magazine.editor_manage_category: ~0 rows (approximately)
/*!40000 ALTER TABLE `editor_manage_category` DISABLE KEYS */;
/*!40000 ALTER TABLE `editor_manage_category` ENABLE KEYS */;

-- Dumping structure for table magazine.group_category
CREATE TABLE IF NOT EXISTS `group_category` (
  `GroupID` int(11) NOT NULL AUTO_INCREMENT,
  `GroupName` varchar(50) NOT NULL DEFAULT '',
  PRIMARY KEY (`GroupID`)
) ENGINE=InnoDB AUTO_INCREMENT=3 DEFAULT CHARSET=utf8;

-- Dumping data for table magazine.group_category: ~2 rows (approximately)
/*!40000 ALTER TABLE `group_category` DISABLE KEYS */;
INSERT INTO `group_category` (`GroupID`, `GroupName`) VALUES
	(1, 'group1'),
	(2, 'group2');
/*!40000 ALTER TABLE `group_category` ENABLE KEYS */;

-- Dumping structure for table magazine.post
CREATE TABLE IF NOT EXISTS `post` (
  `PostID` int(11) NOT NULL AUTO_INCREMENT,
  `Title` longtext NOT NULL,
  `Date` date DEFAULT NULL,
  `Avatar` blob NOT NULL,
  `IsPublish` int(11) NOT NULL DEFAULT '0',
  `CatID` int(11) NOT NULL,
  `ViewNum` int(11) NOT NULL,
  `IsPremium` tinyint(4) NOT NULL DEFAULT '0',
  `Content` longtext CHARACTER SET utf8 COLLATE utf8_vietnamese_ci NOT NULL,
  `SumContent` longtext NOT NULL,
  `CreatorID` int(11) NOT NULL,
  PRIMARY KEY (`PostID`),
  KEY `FK_post_category` (`CatID`),
  KEY `FK_post_status` (`IsPublish`),
  KEY `FK_post_user` (`CreatorID`),
  CONSTRAINT `FK_post_category` FOREIGN KEY (`CatID`) REFERENCES `category` (`CatID`),
  CONSTRAINT `FK_post_status` FOREIGN KEY (`IsPublish`) REFERENCES `status` (`ID`),
  CONSTRAINT `FK_post_user` FOREIGN KEY (`CreatorID`) REFERENCES `user` (`ID`)
) ENGINE=InnoDB AUTO_INCREMENT=18 DEFAULT CHARSET=utf8;

-- Dumping data for table magazine.post: ~10 rows (approximately)
/*!40000 ALTER TABLE `post` DISABLE KEYS */;
INSERT INTO `post` (`PostID`, `Title`, `Date`, `Avatar`, `IsPublish`, `CatID`, `ViewNum`, `IsPremium`, `Content`, `SumContent`, `CreatorID`) VALUES
	(1, '\'Ông lớn\' công nghệ Apple trở lại mảng xe tự lái?', '2019-06-11', _binary 0x2F696D672F6C312E6A7067, 1, 2, 12, 1, '<p><h2>Những tin đồn về dự &aacute;n xe tự l&aacute;i của h&atilde;ng c&ocirc;ng nghệ h&agrave;ng đầu thế giới Apple lại rộ l&ecirc;n sau khi tưởng chừng T&aacute;o khuyết đ&atilde; từ bỏ mảng thị trường đầy tiềm năng n&agrave;y.</h2></p>\r\n\r\n<p><img src="http://echip.vietnamnetjsc.vn/2019/04/25/13/30/xe-tu-lai.jpg" /></p>\r\n\r\n<p>&nbsp;</p>\r\n\r\n<p>Theo Digitaltrends, Apple đang trở lại với mảng xe tự l&aacute;i khi h&atilde;ng n&agrave;y đang l&agrave;m việc với một số c&ocirc;ng ty ph&aacute;t triển loại cảm biến mang t&iacute;nh c&aacute;ch mạng cho xe tự h&agrave;nh.</p>\r\n\r\n<p><br />\r\nCụ thể, Apple được cho l&agrave; đang c&ugrave;ng c&aacute;c đối t&aacute;c ph&aacute;t triển cảm biến nắp đậy thế hệ mới, một c&ocirc;ng nghệ cần thiết cho xe tự h&agrave;nh nhận biết m&ocirc;i trường xung quanh.<br />\r\n<br />\r\nĐiều đ&aacute;ng quan t&acirc;m l&agrave;, T&aacute;o khuyết muốn bộ phận cảm biến do h&atilde;ng ph&aacute;t triển phải vừa đảm bảo t&iacute;nh thẩm mỹ, vừa c&oacute; mức gi&aacute; rẻ chỉ v&agrave;o khoảng v&agrave;i trăm USD thay v&igrave; h&agrave;ng chục ngh&igrave;n USD như c&aacute;c h&atilde;ng kh&aacute;c đang l&agrave;m.<br />\r\n<br />\r\nNguồn tin cho biết, Apple đ&atilde; l&agrave;m việc với &iacute;t nhất 4 c&ocirc;ng ty về giải ph&aacute;p cảm biến nắp đậy, nhận diện h&igrave;nh ảnh 3 chiều với c&aacute;c vật thể tr&ecirc;n đường. Mặc d&ugrave;, Apple đ&atilde; c&oacute; bộ phận ph&aacute;t triển cảm biến ri&ecirc;ng nhưng việc mua c&aacute;c cảm biến từ b&ecirc;n thứ ba c&oacute; gi&aacute; rẻ hơn nhưng vẫn đảm bảo c&aacute;c ti&ecirc;u chuẩn cao m&agrave; h&atilde;ng đ&atilde; đề ra.<br />\r\n<br />\r\nNếu th&ocirc;ng tin n&agrave;y l&agrave; thật, điều đ&oacute; cho thấy T&aacute;o khuyết c&oacute; thể kh&ocirc;ng từ bỏ tham vọng chế tạo xe tự l&aacute;i. Dự &aacute;n Titan từ l&acirc;u đ&atilde; được đồn đại nhưng rất &iacute;t th&ocirc;ng tin cho thấy Apple đ&atilde; c&oacute; được những sản phẩm cụ thể n&agrave;o từ dự &aacute;n n&agrave;y.<br />\r\n<br />\r\nNăm 2017, một b&aacute;o c&aacute;o của New York Times cho biết, Apple đ&atilde; từ bỏ &yacute; tưởng n&agrave;y nhưng dường như n&oacute; lại được quan t&acirc;m trở lại. &Iacute;t nhất l&agrave; T&aacute;o khuyết đang ph&aacute;t triển một số phần cứng trang bị cho xe tự l&aacute;i của c&aacute;c h&atilde;ng chế tạo &ocirc; t&ocirc; kh&aacute;c.<br />\r\n<br />\r\nMới đ&acirc;y, Apple cũng đ&atilde; tuyển c&aacute;c nh&acirc;n sự h&agrave;ng đầu của Google v&agrave; Tesla. Ngay cả khi dự &aacute;n Titan bị hủy bỏ, T&aacute;o khuyết vẫn duy tr&igrave; một số lượng nh&acirc;n vi&ecirc;n kh&aacute; lớn l&agrave;m việc trong bộ phận b&iacute; mật. Theo Reuters, Apple vẫn c&oacute; khoảng 1.200 người l&agrave;m việc ở bộ phận dự &aacute;n Titan.</p>', 'Những tin đồn về dự án xe tự lái của hãng công nghệ hàng đầu thế giới Apple lại rộ lên sau khi tưởng chừng Táo khuyết đã từ bỏ mảng thị trường đầy tiềm năng này.', 1),
	(2, '"Quái vật vũ trụ" sa lưới nhân loại, giới khoa học ngủ quên trên chiến thắng?', '2019-06-07', _binary 0x2F696D672F6C322E6A7067, 1, 2, 15, 1, '<p>Th&aacute;ng Tư năm 2019 l&agrave; thời khắc trọng đại của vật l&yacute; thi&ecirc;n văn n&oacute;i ri&ecirc;ng v&agrave; cộng đồng&nbsp;khoa học&nbsp;tr&ecirc;n khắp thế giới n&oacute;i chung. Lần đầu ti&ecirc;n trong lịch sử khai ph&aacute;&nbsp;vũ trụ, nh&acirc;n loại được chi&ecirc;m ngưỡng &quot;bộ mặt thật&quot; của thực thể b&iacute; ẩn bậc nhất trong vũ trụ -&nbsp;Hố Đen.</p>\r\n\r\n<p>Bức ảnh chụp hố đen nằm ở trung t&acirc;m thi&ecirc;n h&agrave; khổng lồ Messier 87 thuộc cụm thi&ecirc;n h&agrave; Xử Nữ &quot;h&agrave;ng x&oacute;m&quot; của ch&uacute;ng ta cho thấy hố đen c&oacute; dạng giống như một v&ograve;ng tr&ograve;n rực lửa m&agrave;u v&agrave;ng cam bao quanh phần l&otilde;i đen đặc.</p>\r\n\r\n<p><img alt="Quái vật vũ trụ sa lưới nhân loại, giới khoa học ngủ quên trên chiến thắng? - Ảnh 1." src="https://image2.tin247.com/pictures/2019/04/25/nyj1556151699.jpg" /></p>\r\n\r\n<p>H&igrave;nh ảnh hố đen do k&iacute;nh EHT chụp được, được c&aacute;c nh&agrave; khoa học cung cấp h&ocirc;m 10/4/2019. Nguồn: EHT collaboration</p>\r\n\r\n<p>Đ&acirc;y l&agrave; &quot;sản phẩm&quot; của t&aacute;m k&iacute;nh thi&ecirc;n văn đặt tại Chile, Hawaii, Arizona, Mexico, T&acirc;y Ban Nha v&agrave; cực Nam của Tr&aacute;i đất.</p>\r\n\r\n<p>Tất cả ch&uacute;ng đều thuộc dự &aacute;n K&iacute;nh thi&ecirc;n văn Ch&acirc;n trời Sự kiện (Event Horizon Telescope) với h&agrave;ng loạt c&aacute;c k&iacute;nh thi&ecirc;n văn k&iacute;ch thước lớn được đặt rải r&aacute;c tr&ecirc;n khắp h&agrave;nh tinh. Khi được kết nối với nhau, ch&uacute;ng sẽ hợp th&agrave;nh một hệ thống đủ khả năng ghi lại h&igrave;nh ảnh c&aacute;c hố đen, vốn kh&ocirc;ng thể chụp được bằng c&aacute;c phương ph&aacute;p th&ocirc;ng thường.</p>\r\n\r\n<p>C&acirc;u hỏi đặt ra l&agrave;:</p>\r\n\r\n<p>Với th&agrave;nh tựu rực rỡ n&agrave;y, phải chăng cuộc phi&ecirc;u lưu của khoa học đ&atilde; đi tới hồi kết?</p>\r\n\r\n<p><strong>Ho&agrave;n to&agrave;n kh&ocirc;ng.</strong>&nbsp;C&ograve;n l&acirc;u ch&uacute;ng ta mới đạt đến cột mốc ấy. C&aacute;c nh&agrave; nghi&ecirc;n cứu kh&ocirc;ng hề c&oacute; &yacute; định ngủ qu&ecirc;n tr&ecirc;n chiến thắng, v&agrave; đều nhất tr&iacute; rằng tiếp tới đ&acirc;y sẽ c&ograve;n rất nhiều c&ocirc;ng việc nữa cần được ho&agrave;n th&agrave;nh. Tất cả mới chỉ bắt đầu m&agrave; th&ocirc;i.</p>\r\n\r\n<p>Theo lời gi&aacute;m đốc dự &aacute;n K&iacute;nh thi&ecirc;n văn Ch&acirc;n trời Sự kiện l&agrave; Sheperd Doeleman thuộc Đại học Harvard, th&igrave; bức ảnh mới c&ocirc;ng bố mặc d&ugrave; l&agrave; một bước tiến vĩ đại nhưng vẫn c&oacute; thể được ho&agrave;n thiện th&ecirc;m để trở n&ecirc;n sắc n&eacute;t hơn nữa.</p>\r\n\r\n<p>Điều đ&oacute; l&agrave; ho&agrave;n to&agrave;n khả thi bằng c&aacute;ch bổ sung th&ecirc;m c&aacute;c k&iacute;nh thi&ecirc;n văn mới v&agrave;o hệ thống. Thậm ch&iacute; chỉ cần th&ecirc;m hai hay ba k&iacute;nh nữa được đặt đ&uacute;ng chỗ cũng sẽ l&agrave;m tăng độ ch&iacute;nh x&aacute;c của h&igrave;nh ảnh l&ecirc;n rất nhiều, Doeleman cho biết.</p>\r\n\r\n<p>Điều đ&aacute;ng n&oacute;i l&agrave; bức ảnh n&agrave;y thực ra đ&atilde; được chụp từ th&aacute;ng Tư năm 2017 với t&aacute;m k&iacute;nh thi&ecirc;n văn như đ&atilde; n&ecirc;u. Trong năm 2018, dự &aacute;n đ&atilde; bổ sung th&ecirc;m một k&iacute;nh nữa đặt tại Greenland gi&uacute;p tăng đ&aacute;ng kể độ bao phủ của hệ thống. Do đ&oacute; những h&igrave;nh ảnh mới được chụp trong năm 2018 chắc chắn sẽ rất đ&aacute;ng để chờ đợi.</p>\r\n\r\n<p>V&agrave; kh&ocirc;ng dừng lại ở đ&oacute;, trong tương lai nh&oacute;m nghi&ecirc;n cứu sẽ tiếp tục &quot;kết nạp&quot; th&ecirc;m một k&iacute;nh thi&ecirc;n văn nữa đặt tr&ecirc;n đỉnh n&uacute;i Kitt ở ph&iacute;a Nam bang Arizona, Mỹ. Nhưng đỉnh cao của tham vọng chụp ảnh hố đen l&agrave; kế hoạch mở rộng dự &aacute;n ra ngo&agrave;i phạm vi Tr&aacute;i đất.</p>\r\n\r\n<p>Doeleman giải th&iacute;ch rằng việc c&oacute; th&ecirc;m một k&iacute;nh thi&ecirc;n văn v&ocirc; tuyến đặt tr&ecirc;n quỹ đạo của Tr&aacute;i đất sẽ l&agrave;m tăng cơ hội chụp được h&igrave;nh ảnh hố đen với chất lượng cao.</p>\r\n\r\n<p><img alt="Quái vật vũ trụ sa lưới nhân loại, giới khoa học ngủ quên trên chiến thắng? - Ảnh 3." src="https://image2.tin247.com/pictures/2019/04/25/imp1556151699.jpg" /></p>\r\n\r\n<p>8 k&iacute;nh thi&ecirc;n văn rải r&aacute;c tr&ecirc;n thế giới, thực hiện nhiệm vụ chụp lỗ đen.</p>\r\n\r\n<p>Một kh&iacute;a cạnh kh&aacute;c cũng rất được quan t&acirc;m l&agrave; ch&uacute;ng ta mới chỉ nh&igrave;n thấy &quot;ch&acirc;n dung&quot; của một hố đen nằm trong một thi&ecirc;n h&agrave; xa x&ocirc;i. Bản th&acirc;n Ng&acirc;n H&agrave; của ch&uacute;ng ta cũng chứa một hố đen si&ecirc;u khổng lồ nằm ở trung t&acirc;m t&ecirc;n l&agrave;&nbsp;<strong>Sagittarius A</strong>, v&agrave; c&aacute;c nh&agrave; thi&ecirc;n văn cũng đ&atilde; chụp ảnh &quot;qu&aacute;i vật&quot; n&agrave;y trong năm 2018 với hệ thống được bổ sung th&ecirc;m một k&iacute;nh thi&ecirc;n văn như đ&atilde; n&ecirc;u, nhưng chưa thể c&ocirc;ng bố v&igrave; h&igrave;nh ảnh chưa được xử l&yacute; ho&agrave;n thiện.</p>\r\n\r\n<p>Doeleman cho biết nh&oacute;m nghi&ecirc;n cứu đang rất h&agrave;o hứng với Sagittarius A v&agrave; hy vọng c&oacute; thể sớm cho ra mắt những th&agrave;nh quả rất được chờ đợi n&agrave;y.</p>\r\n\r\n<p>B&ecirc;n cạnh việc cải tiến v&agrave; n&acirc;ng cấp hệ thống k&iacute;nh thi&ecirc;n văn, c&aacute;c nh&agrave; khoa học cũng đang tập trung v&agrave;o một hướng nghi&ecirc;n cứu kh&aacute;c l&agrave; quan s&aacute;t v&agrave; t&igrave;m hiểu những luồng hạt bức xạ c&oacute; năng lượng cực lớn v&agrave; vận tốc cực cao gần bằng vận tốc &aacute;nh s&aacute;ng được ph&aacute;t ra từ r&igrave;a c&aacute;c hố đen.</p>\r\n\r\n<p>Nh&agrave; vật l&yacute; l&yacute; thuyết Sera Markoff thuộc Đại học Amsterdam (Đan Mạch) cho rằng ngay cả khi đ&atilde; c&oacute; trong tay những ph&aacute;t hiện mới, th&igrave; giới khoa học vẫn chưa thể hiểu r&otilde; về hố đen.&nbsp;</p>\r\n\r\n<p>Thuyết tương đối năm 1916 của nh&agrave; vật l&yacute; l&yacute; thuyết người Đức Albert Einstein (1879-1955) đ&atilde; từng ti&ecirc;n đo&aacute;n về sự tồn tại của hố đen, hướng tới giả định rằng, hố đen đ&uacute;ng l&agrave; một &quot;con qu&aacute;i vật&quot; c&oacute; khả năng nuốt chửng mọi loại vật chất, kể cả &aacute;nh s&aacute;ng.</p>\r\n\r\n<p>&quot;Ch&uacute;ng ta biết l&agrave; Einstein đ&atilde; đ&uacute;ng về tổng thể, nhưng ch&uacute;ng ta kh&ocirc;ng thực sự hiểu được tại sao lực hấp dẫn lại biểu hiện như vậy ở cấp độ si&ecirc;u vi m&ocirc;. N&oacute; c&oacute; &yacute; nghĩa g&igrave;? Lực hấp dẫn kh&ocirc;ng giống như c&aacute;c lực kh&aacute;c&hellip; Thuyết tương đối rộng giải th&iacute;ch c&aacute;ch n&oacute; vận h&agrave;nh, nhưng kh&ocirc;ng trả lời được tại sao lại như vậy,&quot; Markoff n&oacute;i.</p>\r\n\r\n<p><img alt="Quái vật vũ trụ sa lưới nhân loại, giới khoa học ngủ quên trên chiến thắng? - Ảnh 5." src="https://image2.tin247.com/pictures/2019/04/25/wkt1556151699.png" /></p>\r\n\r\n<p>Lỗ Đen - Một trong những b&iacute; ẩn lớn nhất của nh&acirc;n loại.</p>\r\n\r\n<p>V&agrave; nh&igrave;n rộng hơn, b&ecirc;n cạnh dự &aacute;n K&iacute;nh thi&ecirc;n văn Ch&acirc;n trời Sự kiện cũng c&oacute; c&aacute;c dự &aacute;n v&agrave; nh&oacute;m nghi&ecirc;n cứu kh&aacute;c đang tham gia v&agrave;o cuộc đua kh&aacute;m ph&aacute; hố đen.</p>\r\n\r\n<p>Trong số đ&oacute; phải kể đến D&atilde;y K&iacute;nh thi&ecirc;n văn Quang phổ Hạt nh&acirc;n của NASA với mục ti&ecirc;u săn t&igrave;m những hố đen si&ecirc;u khổng lồ trong khắp vũ trụ, hay Đ&agrave;i quan s&aacute;t S&oacute;ng hấp dẫn d&ugrave;ng Giao thoa kế Laser của Viện C&ocirc;ng nghệ California đ&atilde; ph&aacute;t hiện được c&aacute;c s&oacute;ng dao động của kh&ocirc;ng-thời gian được tạo ra khi c&aacute;c hố đen c&oacute; k&iacute;ch thước tương đối nhỏ hợp nhất với nhau.</p>\r\n\r\n<p>C&aacute;c dự &aacute;n trong tương lai như sứ mệnh Ăngten Kh&ocirc;ng gian d&ugrave;ng Giao thoa kế Laser của Cơ quan Kh&ocirc;ng gian ch&acirc;u &Acirc;u cũng sẽ tham gia t&igrave;m kiếm c&aacute;c hố đen mới trong những thập kỷ sắp tới đ&acirc;y.</p>\r\n\r\n<p><strong><em>C&oacute; vẻ như đề t&agrave;i về&nbsp;</em></strong><em><strong>hố đen</strong></em><strong><em>&nbsp;sắp bước v&agrave;o thời kỳ ho&agrave;ng kim của m&igrave;nh rồi!</em></strong></p>\r\n', 'Sự kiện chụp ảnh được hố đen gây chấn động thế giới vừa qua không phải là điểm kết thúc của quá trình nghiên cứu, mà thực ra là khởi đầu của một kỷ nguyên mới đầy hứa hẹn.', 2),
	(3, 'Chàng trai 9X Vĩnh Phúc phượt xuyên Việt chỉ với 4 triệu đồng', '2019-06-04', _binary 0x2F696D672F6C332E6A7067, 1, 6, 27, 0, '<p><h4>H&agrave;nh tr&igrave;nh từ H&agrave; Nội - C&agrave; Mau gần 1 th&aacute;ng khắp mảnh đất chữ S của ch&agrave;ng trai 9X đến từ Vĩnh Ph&uacute;c đ&atilde; c&oacute; kh&ocirc;ng &iacute;t trải nghiệm, bỏ t&uacute;i th&ecirc;m nhiều kinh nghiệm cho một chuyến đi bụi đường trường d&agrave;i ng&agrave;y.</h4></p>\r\n\r\n<p><img alt="chang trai 9x vinh phuc phuot xuyen viet chi voi 4 trieu dong hinh anh 1" src="http://streaming1.danviet.vn/upload/1-2018/images/2018-02-28/14516425_847228865412619_5933042508201799573_n-1519799688-width960height720.jpg" style="width:100%" /></p>\r\n\r\n<p>Lưu H&ugrave;ng Cường (sinh năm 1995, đến từ Vĩnh Ph&uacute;c), đang l&agrave; đầu bếp một&nbsp;nh&agrave; h&agrave;ng nước ngo&agrave;i ở H&agrave; Nội. Ngo&agrave;i đam m&ecirc; nấu ăn, ch&agrave;ng trai c&ograve;n rất th&iacute;ch &#39;x&ecirc; dịch&#39; v&agrave; đam m&ecirc; những cung đường.&nbsp;Sau nhiều ng&agrave;y l&agrave;m việc chăm chỉ, H&ugrave;ng Cường&nbsp;vạch kế hoạch cho chuyến du lịch d&agrave;i hơi, đi để thấy m&igrave;nh cần t&igrave;m niềm vui mới, đến những ch&acirc;n trời mới thưởng thức những m&oacute;n ăn ngon, chu du khắp mọi miền của Tổ quốc.</p>\r\n\r\n<p><img alt="chang trai 9x vinh phuc phuot xuyen viet chi voi 4 trieu dong hinh anh 2" src="http://streaming1.danviet.vn/upload/1-2018/images/2018-02-28/13775547_805241456278027_8586695889572659424_n-1519802804-width960height720.jpg" style="width:100%" /></p>\r\n\r\n<p>Chia sẻ về l&yacute; do phượt&nbsp;xuy&ecirc;n Việt,&nbsp;ch&agrave;ng trai 9X&nbsp;cho biết: &quot;Bản th&acirc;n m&ecirc; những cung đường&nbsp;l&acirc;u rồi, nhận ra m&igrave;nh c&ograve;n trẻ, muốn c&oacute; cơ hội t&igrave;m hiểu s&acirc;u hơn về cuộc sống, lưu giữ những kỷ niệm về một thời thanh xu&acirc;n nồng nhiệt n&ecirc;n chọn c&aacute;ch rong ruổi tr&ecirc;n những nẻo đường, gặp gỡ những người lạ, người quen với những quan điểm suy nghĩ đa dạng, t&igrave;m đến những nền văn ho&aacute; mới mẻ m&agrave; bản th&acirc;n chưa từng hay biết&quot;.</p>\r\n\r\n<p><img alt="chang trai 9x vinh phuc phuot xuyen viet chi voi 4 trieu dong hinh anh 3" src="http://streaming1.danviet.vn/upload/1-2018/images/2018-02-28/13062472_760256274109879_8631210089801081171_n-1519799765-width960height720.jpg" style="width:100%" /></p>\r\n\r\n<p>Lưu lại dấu ấn của tuổi trẻ tr&ecirc;n những cung đường m&igrave;nh đi qua.&nbsp;</p>\r\n\r\n<p><img alt="chang trai 9x vinh phuc phuot xuyen viet chi voi 4 trieu dong hinh anh 4" src="http://streaming1.danviet.vn/upload/1-2018/images/2018-02-28/14233101_828783607257145_717795971614884268_n-1519799842-width960height477.jpg" style="width:100%" /></p>\r\n\r\n<p>Trong chuyến đi &#39;d&agrave;i hơi&#39; n&agrave;y, mỗi ng&agrave;y đều l&agrave; những trải nghiệm đ&aacute;ng nhớ trong cuộc đời của ch&agrave;ng trai đam m&ecirc;&nbsp;x&ecirc; dịch.</p>\r\n\r\n<p><img alt="chang trai 9x vinh phuc phuot xuyen viet chi voi 4 trieu dong hinh anh 5" src="http://streaming1.danviet.vn/upload/1-2018/images/2018-02-28/80-1519803484-width960height720.jpg" style="width:100%" /></p>\r\n\r\n<p>Chinh phục Mũi Đ&ocirc;i.</p>\r\n\r\n<p><img alt="chang trai 9x vinh phuc phuot xuyen viet chi voi 4 trieu dong hinh anh 6" src="http://streaming1.danviet.vn/upload/1-2018/images/2018-02-28/14199210_828783360590503_6321955314942802359_n-1519800087-width960height639.jpg" style="width:100%" /></p>\r\n\r\n<p>N&oacute;i về chuyến đi xuy&ecirc;n Việt&nbsp;của m&igrave;nh, H&ugrave;ng Cường chia sẻ: &quot;M&igrave;nh đ&atilde; được ngắm nh&igrave;n vẻ đẹp của Việt Nam bằng ch&iacute;nh đ&ocirc;i mắt của m&igrave;nh m&agrave; trước đ&oacute; chỉ được thấy qua những bức ảnh. Được gặp gỡ, tr&ograve; chuyện v&agrave; sinh hoạt c&ugrave;ng người d&acirc;n địa phương, cảm nhận được sự th&acirc;n thiện của mọi người tr&ecirc;n khắp mọi miền Tổ quốc&quot;.</p>\r\n\r\n<p><img alt="chang trai 9x vinh phuc phuot xuyen viet chi voi 4 trieu dong hinh anh 7" src="http://streaming1.danviet.vn/upload/1-2018/images/2018-02-28/98-1519803249-width960height639.jpg" style="width:100%" /></p>\r\n\r\n<p>Trong những v&ugrave;ng đất đ&atilde; đặt ch&acirc;n đến, H&ugrave;ng Cường&nbsp;th&iacute;ch nhất những&nbsp;cung đường ven biển như&nbsp;Vịnh Vĩnh Hy - Biển B&igrave;nh Ti&ecirc;n v&agrave; cung từ Cực Đ&ocirc;ng chạy về tới Đ&agrave; Nẵng hay&nbsp;Ph&uacute; Y&ecirc;n, Quy Nhơn, B&igrave;nh Định.</p>\r\n\r\n<p><img alt="chang trai 9x vinh phuc phuot xuyen viet chi voi 4 trieu dong hinh anh 8" src="http://streaming1.danviet.vn/upload/1-2018/images/2018-02-28/942232_760256387443201_7673450517368550094_n-1519800179-width960height720.jpg" style="width:100%" /></p>\r\n\r\n<p>Cảm nhận v&agrave; trải nghiệm về con người cũng l&agrave; những b&agrave;i học qu&yacute; gi&aacute; m&agrave; nếu kh&ocirc;ng đặt ch&acirc;n đến, bạn sẽ kh&ocirc;ng thể c&oacute; được, ch&agrave;ng trai 9X&nbsp;chia sẻ th&ecirc;m.</p>\r\n\r\n<p><img alt="chang trai 9x vinh phuc phuot xuyen viet chi voi 4 trieu dong hinh anh 9" src="http://streaming1.danviet.vn/upload/1-2018/images/2018-02-28/20622125_1044508139018023_6486866169462051648_n-1519799864-width960height720.jpg" style="width:100%" /></p>\r\n\r\n<p>H&ugrave;ng Cường t&acirc;m sự:&nbsp;&ldquo;H&atilde;y cứ đi thật xa nhưng phải trở về nh&agrave;&rdquo; v&agrave; &ldquo;cứ đi l&agrave; sẽ đến&rdquo;. Những cung đường mang t&ecirc;n &ldquo;hạnh ph&uacute;c&rdquo; nhưng h&agrave;nh tr&igrave;nh đến với n&oacute; lu&ocirc;n gọi t&ecirc;n những thử th&aacute;ch gian nan. Trong h&agrave;nh tr&igrave;nh xuy&ecirc;n Việt kh&ocirc;ng phải l&uacute;c n&agrave;o cũng m&agrave;u hồng, cũng ho&agrave;n hảo như bạn nghĩ, những lần hư xe, lạc đường hay gặp thời tiết xấu... Tuy nhi&ecirc;n, sau tất cả bạn sẽ được học c&aacute;ch vượt qua kh&oacute; khăn, c&oacute; những trải nghiệm rất th&uacute; vị&quot;.</p>\r\n\r\n<p><img alt="chang trai 9x vinh phuc phuot xuyen viet chi voi 4 trieu dong hinh anh 10" src="http://streaming1.danviet.vn/upload/1-2018/images/2018-02-28/0-1519801451-width960height720.jpg" style="width:100%" /></p>\r\n\r\n<p>T&acirc;m sự về chi ph&iacute; của chuyến đi chỉ 4 triệu, Cường&nbsp;cho biết đ&oacute; l&agrave; chi ph&iacute; cho cả qu&atilde;ng đường đi v&agrave; về, bao gồm ăn uống, ngủ nghỉ, cũng c&oacute; l&uacute;c&nbsp;cắm trại, ngủ nh&agrave; nghỉ, ăn lương kh&ocirc;, m&igrave;, cơm&nbsp;hay thưởng thức&nbsp;đồ đặc sản v&ugrave;ng, hải sản cũng c&oacute;. Anh cho biết, chi ph&iacute; đắt hay rẻ phụ thuộc&nbsp;ở c&aacute;ch chi ti&ecirc;u của c&aacute;c bạn...&nbsp;</p>\r\n\r\n<p><img alt="chang trai 9x vinh phuc phuot xuyen viet chi voi 4 trieu dong hinh anh 11" src="http://streaming1.danviet.vn/upload/1-2018/images/2018-02-28/14516334_847228825412623_5381780766882206071_n-1519799809-width960height720.jpg" style="width:100%" /></p>\r\n\r\n<p>Từ chuyến xuy&ecirc;n Việt rong ruổi một&nbsp;th&aacute;ng&nbsp;của m&igrave;nh, H&ugrave;ng Cường&nbsp;cũng chia sẻ th&ecirc;m những kinh nghiệm đ&uacute;c r&uacute;t được với những người c&oacute; c&ugrave;ng đam m&ecirc; v&agrave; ch&iacute; hướng.</p>\r\n\r\n<p>-&nbsp;<em><strong>&nbsp;</strong>Lựa chọn lịch tr&igrave;nh:&nbsp;</em>Hướng đi v&agrave; c&aacute;c địa điểm dừng ch&acirc;n nghỉ ngơi ăn uống</p>\r\n\r\n<p>-&nbsp;<em>T&iacute;nh to&aacute;n thời gian:</em>&nbsp;thời gian chơi ở từng địa điểm v&agrave; thời gian di chuyển tới c&aacute;c địa điểm. T&iacute;nh to&aacute;n sao cho hợp l&yacute;, tr&aacute;nh để mất thời gian</p>\r\n\r\n<p>-&nbsp;<em>Phương tiện đi lại, h&agrave;nh l&yacute;, đồ d&ugrave;ng thiết yếu mang theo</em>: xe m&aacute;y trước khi khởi h&agrave;nh c&aacute;c bạn n&ecirc;n kiểm tra bảo dưỡng để đ&aacute;p ứng được lịch tr&igrave;nh ổn định, m&igrave;nh khuy&ecirc;n c&aacute;c bạn n&ecirc;n đi xe số thường như wave, tiết kiệm xăng v&agrave; kh&ocirc;ng bị hỏng vặt. Đồ ăn như lương kh&ocirc;, nước, đồ y tế, sửa xe nếu bạn biết, quần &aacute;o mang 4-5 bộ c&ograve;n 1 bộ để mặc đi đường, mũ bảo hiểm chất lượng, giấy tờ tuỳ th&acirc;n, đặc biệt kh&ocirc;ng thể thiếu tiền. Tuy nhi&ecirc;n tiền mặt bạn kh&ocirc;ng n&ecirc;n mang nhiều m&agrave; n&ecirc;n để ở trong thẻ, chỉ r&uacute;t &iacute;t một cho từng chặng đi.</p>\r\n\r\n<p>-<strong>&nbsp;</strong><em>T&igrave;m hiểu kỹ&nbsp;t&igrave;nh h&igrave;nh x&atilde; hội, giao th&ocirc;ng điểm đến</em><strong>:</strong>&nbsp;nắm được địa điểm chốt giao th&ocirc;ng. Kh&ocirc;ng chạy qu&aacute; tốc độ, lượng xe lưu th&ocirc;ng nơi đ&oacute; mật độ nhiều hay kh&ocirc;ng.</p>\r\n\r\n<p>-&nbsp;<em>Địa điểm, ăn nghỉ</em>: nơi ăn nghỉ c&oacute; thể qu&aacute;n x&aacute;, nh&agrave; nghỉ hoặc nh&agrave; người th&acirc;n, bạn b&egrave; hay sự gi&uacute;p đỡ của người d&acirc;n.&nbsp;</p>\r\n\r\n<p><img alt="chang trai 9x vinh phuc phuot xuyen viet chi voi 4 trieu dong hinh anh 12" src="http://streaming1.danviet.vn/upload/1-2018/images/2018-02-28/09-1519803541-width960height960.jpg" style="width:100%" /></p>\r\n\r\n<p>Tuổi đời c&ograve;n rất trẻ v&agrave; niềm đam m&ecirc; x&ecirc; dịch vẫn c&ograve;n đong đầy, H&ugrave;ng Cường&nbsp;vẫn ấp ủ nhiều chuyến đi xa kh&aacute;c để c&oacute; th&ecirc;m nhiều trải nghiệm &ldquo;để đời&rdquo;. V&agrave;o thời gian sắp tới, ch&agrave;ng trai mong muốn được tiếp tục h&agrave;nh tr&igrave;nh xuy&ecirc;n Việt lần 2 để kh&aacute;m ph&aacute; th&ecirc;m những v&ugrave;ng đất mới.</p>\r\n', 'Hành trình từ Hà Nội - Cà Mau gần 1 tháng khắp mảnh đất chữ S của chàng trai 9X đến từ Vĩnh Phúc đã có không ít trải nghiệm, bỏ túi thêm nhiều kinh nghiệm cho một chuyến đi bụi đường trường dài ngày.', 1),
	(4, '\'Đua nhau\' tổ chức thi đánh giá năng lực', '2019-06-21', _binary 0x2F696D672F6C342E6A7067, 2, 13, 0, 0, '<p><strong>Tổ chức thi...&nbsp;"thí điểm, thử nghiệm"</strong></p><p>Ngày 28-3, Trường ĐH Công nghệ TP.HCM chính thức công bố sẽ tổ chức kỳ thi đánh giá năng lực riêng và dành 20% chỉ tiêu để xét tuyển theo kỳ thi này.&nbsp;</p><p>Theo ThS Nguyễn Thị Xuân Dung - phó trưởng phòng tư vấn - tuyển sinh - truyền thông nhà trường, đây là năm đầu tiên trường tổ chức kỳ thi tuyển sinh riêng để thí điểm và sẽ hoàn thiện dần trong những năm tiếp theo.</p><p>"Hiện tại, trường đang thành lập đội ngũ thực hiện các công tác ra đề thi, coi thi và chấm thi cho kỳ thi tuyển sinh riêng này với thành viên gồm giảng viên trường và giáo viên, tổ trưởng chuyên môn tương ứng các trường THPT ở Q.Bình Thạnh, TP.HCM. Dự kiến đến cuối tháng 4-2019 sẽ hoàn tất nhân sự và phân công nhiệm vụ cụ thể cho đội ngũ này", bà Dung cho biết.</p><p>Ngày 29-3, Trường ĐH Nguyễn Tất Thành cũng bất ngờ công bố tổ chức kỳ thi đánh giá năng lực riêng với gần 20% chỉ tiêu.&nbsp;</p><p>Trao đổi với Tuổi Trẻ ngày 3-4, ông Đặng Thế Hiệp - phó giám đốc Trung tâm tư vấn tuyển sinh nhà trường - cho hay: "Nhà trường thành lập đầy đủ hội đồng tuyển sinh, ban đề thi, ban coi thi, ban chấm thi... Hiện nay mọi việc mới đang trong quá trình làm đề cương. Đây là năm đầu tiên nhà trường tổ chức kỳ thi này nên chủ yếu thử nghiệm, dần dần có kinh nghiệm các năm sau sẽ làm lớn hơn".</p><p>Trường ĐH Hoa Sen cũng mới bổ sung phương thức tuyển sinh bằng thi đánh giá năng lực do trường tổ chức với 10% chỉ tiêu. Trong số các tiêu chí xét tuyển có tiêu chí thí sinh phải đạt từ 6,0 điểm trở lên (thang điểm 10) trong kỳ thi đánh giá năng lực do trường tổ chức.</p><p>Trước đó, Trường ĐH quốc tế Hồng Bàng công bố sẽ tổ chức 3 đợt thi đánh giá năng lực trong năm 2019.</p><p>"Đề thi do trường tự biên soạn, kiến thức trải đều trong 3 năm THPT, tập trung vào lớp 12" - PGS.TS Hồ Thanh Phong, hiệu trưởng nhà trường, cho biết.</p><p><br></p><p><br></p><p class="ql-align-center">Việc tổ chức đánh giá riêng bởi một kỳ thi để tuyển sinh thực sự là rất mạo hiểm vì nếu đề thi không tốt sẽ khó đánh giá năng lực người học, ngoài ra số lượng thí sinh đăng ký ít sẽ rất tốn kém.</p><p class="ql-align-right"><strong><em>ThS Phạm Thái Sơn (giám đốc Trung tâm tuyển sinh và quan hệ doanh nghiệp Trường ĐH Công nghiệp thực phẩm TP.HCM)</em></strong></p><p><strong>"Không có chuyện ra đề dễ để vơ vét thí sinh"</strong></p><p>PGS.TS Hồ Thanh Phong cho hay ngay từ khi về nhận công tác tại trường này (tháng 10-2018), ông nhận thấy phương thức tuyển sinh bằng việc tổ chức kỳ thi đánh giá năng lực hay và phù hợp.</p><p>"Để tổ chức kỳ thi này cần khâu quan trọng đầu tiên là đề thi. Mô hình kỳ thi đánh giá năng lực ở Trường ĐH Quốc tế (ĐH Quốc gia TP.HCM) do tôi thiết kế. Để làm đề thi mới này ngay từ tháng 10-2018, trường đã liên lạc với các trường THPT uy tín để đặt hàng ra đề theo hình thái mẫu đã thực hiện thành công ở Trường ĐH Quốc tế mấy năm nay. Việc tổ chức thi tại trường cũng thuận lợi do trường thường xuyên tổ chức thi nhiều lần trong năm với 30% chỉ tiêu", PGS.TS Hồ Thanh Phong nói.</p><p>"Có người cho rằng việc trường tổ chức thi năng lực để né điểm sàn, ra đề dễ để vơ vét thí sinh vào khối ngành sức khỏe. Tuy nhiên tôi khẳng định không có chuyện này. Qua việc tổ chức kỳ thi đánh giá năng lực, chúng tôi muốn gửi đến thí sinh một thông điệp mới: chọn người có năng lực để trao học bổng cho thí sinh có tổng điểm hai môn thi cao, dần nâng cao chất lượng đầu vào của trường và chọn được những thí sinh có năng lực chuyên biệt", ông Phong nhấn mạnh.</p><p>Giải thích về việc tổ chức thêm kỳ thi đánh giá năng lực, ThS Nguyễn Mạnh Cường - trưởng phòng đào tạo Trường ĐH Hoa Sen - cho biết: "Phương thức xét tuyển này chủ yếu dựa vào học bạ và kết quả thi đánh giá năng lực bằng hình thức trắc nghiệm trong 30 phút các kiến thức xã hội, hội nhập quốc tế, khả năng phân tích, tư duy logic và hiểu biết về ngành nghề".&nbsp;</p><p>Trong khi đại diện của Trường ĐH Công nghệ TP.HCM và Trường ĐH Nguyễn Tất Thành đều cho rằng: "Kỳ thi tuyển sinh riêng này sẽ mở thêm cơ hội cho thí sinh có nguyện vọng và năng lực phù hợp theo học trình độ ĐH chính quy tại trường".</p><p><strong>Xây dựng công cụ đánh giá không đơn&nbsp;</strong></p><p><br></p>', 'TTO - Sau kỳ thi đánh giá năng lực đợt 1 năm 2019 do ĐH Quốc gia TP.HCM tổ chức sẽ có hàng loạt trường ĐH cũng tổ chức thi riêng. Thời gian diễn ra kỳ thi này không còn lâu nữa nhưng đến nay các trường này đều mới đang trong quá trình chuẩn bị.', 1),
	(5, 'Việc nhiều tiền, bạn thức khuya không nổi; Việc ít tiền, bạn không muốn dậy đi làm: 20 tuổi sớm đòi hỏi, 30 tuổi trả giá đắt', '2019-06-05', _binary 0x2F696D672F66322E6A7067, 1, 13, 31, 0, '<p><strong>\r\nVì chúng ta không theo kịp nhịp điệu của tuổi tác nên mới có cái gọi là khủng hoảng tuổi trung niên. Khủng hoảng này là kết quả của những năm tuổi trẻ đòi hỏi, lười biếng mà không chịu nỗ lực.\r\n</strong></p>\r\n<p>Nơi làm việc không phải là chỗ cho những chú heo lười. Năm 20 tuổi, bạn nỗ lực hết sức mình để mong có chỗ đứng trong công ty nhưng ở tuổi 30, bạn bắt đầu bê tha, chậm chạp thì đừng trách mãi sao không thăng tiến. 20 tuổi bạn phải nỗ lực kiểu 20 tuổi, 30 tuổi bạn phải chăm chỉ theo kiểu 30 tuổi. Bạn không thể nỗ lực theo kiểu 20 tuổi khi bạn 30 tuổi, bởi vì ở nơi làm việc, không ai sẽ trả tiền cho bằng cấp của bạn, họ sẽ trả công cho những gì bạn làm được.</p>\r\n<p>Có một nghịch lý như sau: Một người làm việc khoảng 5,6 năm, nhanh nhẹn tháo vát do đã quen việc, quan hệ với đồng nghiệp rất tốt, chuyên nghiệp hơn khi đi gặp đối tác... nhưng sếp không có ý định tăng lương hay thăng chức cho anh ta. Nếu anh ta nói chuyện thăng tiến với sếp thì sợ sếp la. Còn nếu như im lặng cho qua, thì lại cảm thấy không cam lòng vì không xứng với công sức mình bỏ ra. Do đó, thay vì phàn nàn với sếp thì anh ta sẽ lặng lẽ tìm kiếm một công việc khác.</p>\r\n<p>Vài ngày trước, cậu em của đồng nghiêp tôi đang có ý định nghỉ việc ở công ty cũ. Cậu ta chưa đến 30 tuổi, đang trong thời kỳ vàng son của sự nghiệp nhưng vì không được sếp trọng dụng, cậu quyết tâm nộp đơn xin nghỉ.</p>\r\n<p>Tôi đã giới thiệu cậu lên phòng nhân sự công ty tôi. Giám đốc nhân sự rất hài lòng với bản lý lịch và đặt lịch phỏng vấn. Dù đã đậu phỏng vấn nhưng cậu từ chối làm việc ở công ty tôi. Tôi nghĩ rằng cậu ta vừa nghỉ việc công ty cũ, có lẽ đang túng thiếu tiền nên muốn giúp cậu ta có thêm chút tiền tiêu để sống thoải mái hơn. Nào ngờ, cậu ấy nói với tôi: "Cảm ơn anh đã quan tâm đến em. Em không đồng ý không phải về lương bổng và phúc lợi của công ty. Em nghe nói rằng công ty của anh thường làm việc ngoài giờ. Anh biết đấy, năm nay em đã 27 tuổi và em còn chưa kết hôn. Làm trong công ty anh một thời gian chắc em chết vì kiệt sức mất".</p>\r\n<p>Trong khi nói, cậu còn chỉ vào khung cảnh nghĩa địa mà cậu search google, cậu cho rằng tăng ca thì cậu sẽ đến nơi này sớm thôi. Tôi bất lực thở dài và nói : "Ừ nhỉ, cơ sức khỏe là quan trọng, hãy kiếm việc phù hợp hơn mà làm nhé".</p>\r\n<p>Nếu tôi sợ mình không đủ tiền tiêu mỗi tháng, thì tôi sẽ cố gắng kiếm thêm tiền. Nhưng nếu làm việc quá nhiều và không nghỉ ngơi hợp lý thì không có sức khỏe và tất nhiên là tôi không thể kiếm được tiền. Khi nghe nhiều người nói rằng làm thêm giờ rất có hại cho cơ thể, ngủ không đủ giấc, thoạt đầu tôi sẽ phản biện lại rằng không có việc gì dễ dàng cả, phải bỏ sức ra thì mới có tiền nhưng tôi cảm thấy rằng làm việc quá sức thì không có đủ năng lượng để tiếp tục làm việc, đây chính là thực tế xã hội.</p>\r\n<p>Sau đó, một ứng viên khác đến cùng đợt với cậu kia và chấp nhận mức lương của công ty. Sau khi nói chuyện với sếp nhiều lần, việc tăng lương không có kết quả. Anh này phàn nàn về mức lương thấp nhưng vẫn tiếp tục tìm việc bên ngoài.</p>\r\n<p>"Làm bao nhiêu tiền một tháng?" là câu hỏi ám ảnh những sinh viên mới ra trường. Họ rất sợ khi bị hỏi, nên khi vừa tốt nghiệp đại học, họ vội vã kiếm việc làm, họ không sợ mệt mỏi hay khổ cực. Có thể nói, cổ phiếu đáng giá nhất mà họ sở hữu đó là tinh thần mạnh mẽ. Có những người sẽ kết hôn trong độ tuổi này. Vì vậy, họ lại càng ý thức được rằng bản thân phải kiếm nhiều tiền để phụng dưỡng cha mẹ và nuôi nấng con cái sau này.</p>\r\n<p>Sau 30 tuổi, công việc cũng có một chút kinh nghiệm. Nếu bạn phấn đấu cho sự nghiệp, tình yêu có thể không còn nữa vì bạn không có thời gian bên người yêu. Còn khi bạn yêu, công việc của bạn có thể không còn nữa. Điều mà làm bạn lúng túng hơn nữa là bạn muốn được thăng chức nhưng bạn lại không đủ giỏi. Không được thăng chức, thì bạn không hài lòng với những gì bạn bỏ ra. Do đó, nhảy việc đã trở thành lựa chọn của nhiều người.</p>\r\n<p>N. 30 tuổi, tốt nghiệp trường đại học và làm việc chăm chỉ hơn 5 năm. Năng suất làm việc của cô khá tốt. Nhưng sếp cô ấy không đoái hoài gì đến chuyện thăng chức và còn bảo: "Năm sau đi". Cô tức giận nhưng vẫn cố cam chịu. Sau chừng một năm, mọi thứ vẫn dậm chân tại chỗ, N. nhảy việc.</p>\r\n<p>Làm ở công ty mới, tình hình lương bổng tuy có tốt hơn nhưng sức khỏe của N. không tốt. Cô thường xuyên phải tăng ca, thức đêm làm việc.</p>\r\n<p>Có nhiều buổi sáng cô dậy sớm không nổi, lên công ty trễ hoặc là ngủ gục trong giờ làm việc. Trong vài năm qua, sức khỏe của cô xuống dốc.Dù biết như thế nhưng N. không cam tâm khi ngày ngày an phận với mức lương kém. Sau khi suy nghĩ cẩn thận, cô quyết định chiến đấu0. Hiện tại N. đã kết hôn và có một sự nghiệp tương đối vững vàng.</p>\r\n<p>Cuộc sống là của bạn. Bạn có thể chọn cố gắng hết sức để đạt được thứ bạn muốn thì bạn phải chấp nhận thức khuya, dậy sớm. Nếu bạn muốn an nhàn, mỗi tháng nhận lương bèo bọt thì bạn không cần cố gắng. Không có kiểu vừa nhàn vừa lương cao, bạn chỉ đang nằm mơ thôi.</p>\r\n<p>Đi con đường nào là do bạn lựa chọn. Hoặc là thức đêm làm việc hoặc bỏ cuộc. Và chọn việc phù hợp với bản thân và quan tâm đến sức khỏe của bạn. Đừng chọn việc quá sức, bạn sẽ kham không nổi. Muốn chọn việc nhẹ nhàng bạn lại cho rằng lương thấp và bạn không thèm dậy sớm để đi làm. Nghịch lý ở chỗ đó.</p>\r\n', 'Vì chúng ta không theo kịp nhịp điệu của tuổi tác nên mới có cái gọi là khủng hoảng tuổi trung niên. Khủng hoảng này là kết quả của những năm tuổi trẻ đòi hỏi, lười biếng mà không chịu nỗ lực.', 2),
	(6, 'Bom tấn "Avengers: End Game" sẽ thay đổi vũ trụ Marvel và cả Hollywood', '2019-06-12', _binary 0x2F696D672F746F702D706F7374312E6A7067, 2, 9, 65, 1, '<p>\r\n										<strong>Bom tấn “Avengers: Endgame” được kỳ vọng sẽ thay đổi cả kinh đô điện ảnh Hollywood và mở ra hướng đi tiếp theo của Vũ trụ Điện ảnh Marvel (MCU).</strong>\r\n									</p>\r\n									<p>\r\n										Avengers: Endgame là bộ phim thứ 22 của MCU sau 11 năm và đồng thời cũng đưa “Phase 3” (giai đoạn 3) của vũ trụ điện ảnh này tới gần sự kết thúc. Giai đoạn 4 của MCU hứa hẹn sẽ mang đến nhiều thay đổi lớn, nhất là sự gia nhập của những nhân vật nổi tiếng mà Disney đã có bản quyền như Fantastic Four, X-Men.\r\n									</p>\r\n									<p>\r\n										Đạo diễn tài ba James Gunn đã chính thức quay trở lại với phần 3 Guardians of the Galaxy. Một số dự án tiếp theo của MCU có thể tồn tại hoàn toàn độc lập, nhưng hầu hết phim khác chắc chắn chịu nhiều tác động trực tiếp từ Avengers: Endgame.\r\n									</p>\r\n									<p>\r\n										Trận chung kết đỉnh cao của Giai đoạn 3 này có thể là dấu chấm hết đối với một số siêu anh hùng quan trọng nhất, nhưng đồng thời cũng bổ sung nhiều nhân vật mới vào MCU. Một số khái niệm quan trọng hứa hẹn mở rộng hơn nữa MCU, ví dụ như Lượng tử giới (Quantum Realm) hay Đa vũ trụ (Multiverse).\r\n									</p>\r\n									<p>\r\n										<img class="img-fluid" src="/img/top-post1-2.jpg" alt="">\r\n									</p>\r\n									<p>\r\n										<i>Avengers: Endgame</i>	Avengers: Endgame đồng thời cũng là cột mốc làm thay đổi Hollywood trong giai đoạn mà điện ảnh đang chịu tác động và cạnh tranh trực tiếp từ streaming, hình thức giải trí nở rộ vài năm gần đây.\r\n									</p>\r\n									<p>\r\n										Để tồn tại và phát triển, chắc chắn các bộ phim bom tấn sẽ ngày càng thay đổi về phạm vi sản xuất, kinh phí đầu tư hoặc hình thức quảng bá độc đáo mà <i>Avengers: Endgame</i> đã tiên phong.\r\n									</p>\r\n									<p>\r\n										Nhìn chung, không còn nghi ngờ gì nữa, <i>Endgame</i> sẽ ảnh hưởng rất lớn đến Marvel, từ hình thức đến nội dung, từ cách viết kịch bản đến các sáng tạo trong dàn dựng của đạo diễn của các bom tấn trong tương lai.\r\n									</p>', 'Bom tấn “Avengers: Endgame” được kỳ vọng sẽ thay đổi cả kinh đô điện ảnh Hollywood và mở ra hướng đi tiếp theo của Vũ trụ Điện ảnh Marvel (MCU).', 1),
	(11, 'Mùa lá sấu tung bay, người dân kéo tới chụp ảnh ở con đường lãng mạn', '2019-06-21', _binary 0x68747470733A2F2F6B656E68313463646E2E636F6D2F323031392F342F32322F626174636864736330393933372D31353535393436303530373835313832363436383737392E6A7067, 1, 13, 2, 0, '<p>Người Hà Nội thích lưu lại những bức hình về mùa lá sấu. Bởi thế, họ đến Phan Đình Phùng vào những ngày cuối tuần, những buổi chiều gió nhè nhẹ mà không quá gắt để chụp ảnh. Nền nhiệt hiện tại có lúc lên tới 40 độ C, nhưng cũng không cản được bước chân của những người yêu cái đẹp.&nbsp;</p><p>Rất đông thợ chụp, mẫu ảnh kéo tới con phố thả dáng, tung lá, làm đủ mọi cách để có thể tận hưởng tối đa vẻ đẹp của mùa sấu thay lá. Mùa này đến nhanh mà cũng đi nhanh, nếu không tận dụng cơ hội khi thảm vàng vẫn còn dưới chân, chỉ một thoáng chốc thôi, có người sẽ phải nuối tiếc.&nbsp;Và có ai đó lại thì thầm hẹn mùa sau...</p><p class="ql-align-center"><em>Hội chị em bạn thân cùng nhau chụp ảnh giữa thảm lá vàng rơi.</em></p><p class="ql-align-center"><br></p><p class="ql-align-center"><a href="https://kenh14cdn.com/2019/4/22/batchimg1136-155594605079070872548.jpg" target="_blank" style="color: transparent;"><img src="https://kenh14cdn.com/thumb_w/660/2019/4/22/batchimg1136-155594605079070872548.jpg" alt="M&amp;#249;a l&amp;#225; sấu tung bay, người d&amp;#226;n k&amp;#233;o tới chụp ảnh ở con đường l&amp;#227;ng mạn nhất Thủ đ&amp;#244; d&amp;#249; nắng n&amp;#243;ng 40 độ C - Ảnh 10."></a></p><p class="ql-align-center"><a href="https://kenh14cdn.com/2019/4/22/batchimg1135-15559460507941001179555.jpg" target="_blank" style="color: transparent;"><img src="https://kenh14cdn.com/thumb_w/660/2019/4/22/batchimg1135-15559460507941001179555.jpg" alt="M&amp;#249;a l&amp;#225; sấu tung bay, người d&amp;#226;n k&amp;#233;o tới chụp ảnh ở con đường l&amp;#227;ng mạn nhất Thủ đ&amp;#244; d&amp;#249; nắng n&amp;#243;ng 40 độ C - Ảnh 10."></a></p><p class="ql-align-center"><a href="https://kenh14cdn.com/2019/4/22/batchimg1045-15559460508331890158204.jpg" target="_blank" style="color: transparent;"><img src="https://kenh14cdn.com/thumb_w/660/2019/4/22/batchimg1045-15559460508331890158204.jpg" alt="M&amp;#249;a l&amp;#225; sấu tung bay, người d&amp;#226;n k&amp;#233;o tới chụp ảnh ở con đường l&amp;#227;ng mạn nhất Thủ đ&amp;#244; d&amp;#249; nắng n&amp;#243;ng 40 độ C - Ảnh 10."></a></p><p class="ql-align-center">Phần lớn mọi người đều chọn áo dài, thứ trang phục đủ nhẹ nhàng để kết hợp với mùa hè và lá sấu.&nbsp;</p><p class="ql-align-center"><br></p><p class="ql-align-center"><br></p><p class="ql-align-center"><br></p><p><br></p>', 'Người Hà Nội thích lưu lại những bức hình về mùa lá sấu rụng, bởi thế họ đến Phan Đình Phùng vào những buổi chiều gió nhè nhẹ để chụp ảnh. Nền nhiệt hiện tại có lúc lên tới 40 độ C, nhưng cũng không cản được bước chân của những người yêu cái đẹp.', 1),
	(13, 'Giàu nhà quê không bằng ngồi lê thành phố: Một thế hệ gạt nước mắt giữa phố thị, chênh vênh ở hay về', '2019-06-15', _binary 0x2F696D672F72322E6A7067, 1, 13, 9, 0, '<h3>Phố thị đ&ocirc;i khi kh&ocirc;ng y&ecirc;u thương người ta như v&ugrave;ng qu&ecirc; y&ecirc;n ả, nhưng ở lại hay đi cũng chẳng v&igrave; chuyện cảm x&uacute;c c&aacute; nh&acirc;n. R&agrave;ng buộc bởi nhiều &aacute;p lực, nhiều người ch&ecirc;nh v&ecirc;nh giữa d&ograve;ng xe đ&ocirc;ng đ&uacute;c: Tiếp tục ở lại th&agrave;nh phố hay về qu&ecirc; với cuộc đời mới?</h3>\r\n\r\n<p>T&ocirc;i chạy xe chầm chậm trong một chiều H&agrave; Nội ngợp ngụa với c&aacute;i nắng 38 độ; tắc đường, muốn chạy nhanh hơn cũng kh&ocirc;ng được. 7 năm ở H&agrave; Nội kể từ khi lớ ngớ l&ecirc;n học đại học, th&agrave;nh phố n&agrave;y vẫn vậy: Vẫn tắc đường mỗi khi tan tầm, oi bức hơn qu&ecirc; t&ocirc;i mỗi chiều h&egrave; nắng diệu vợi. Vừa chạy xe, t&ocirc;i nhớ lại c&acirc;u chuyện của một người lạ chia sẻ tr&ecirc;n mạng:</p>\r\n\r\n<p>&ldquo;C&aacute;c b&aacute;c ạ em về qu&ecirc; th&ocirc;i! Em năm nay 26 tuổi, qu&ecirc; Ninh B&igrave;nh. Cuộc đời x&ocirc; đẩy kh&ocirc;ng nghĩ m&igrave;nh lại l&agrave;m c&aacute;i nghề n&agrave;y l&acirc;u vậy cũng gần 2 năm c&oacute; lẻ.</p>\r\n\r\n<p>Được cho l&agrave; thằng s&aacute;ng dạ, bố mẹ c&agrave;y cấy để nu&ocirc;i m&igrave;nh ăn học cho tho&aacute;t c&aacute;i cảnh con tr&acirc;u đi trước mặt m&igrave;nh theo sau.</p>\r\n\r\n<p>Bốn năm đại học với bao cố gắng bằng mồ h&ocirc;i, m&aacute;u v&agrave; nước mắt của cả gia đ&igrave;nh, mong cho m&igrave;nh bớt khổ. Rồi bốn năm học cũng qua, ra trường với bao ho&agrave;i b&atilde;o, cầm tấm bằng đi xin việc, đ&uacute;ng l&agrave; cao kh&ocirc;ng đến, thấp kh&ocirc;ng xong. Chỗ n&agrave;o l&acirc;u nhất được 5-6 th&aacute;ng họ kh&ocirc;ng đuổi th&igrave; cũng t&igrave;m c&aacute;ch đuổi.</p>\r\n\r\n<p><a href="https://kenh14cdn.com/2019/4/21/web07-15557959293251910402623.jpg" target="_blank"><img alt="Giàu nhà quê không bằng ngồi lê thành phố: Một thế hệ gạt nước mắt giữa phố thị, chênh vênh ở hay về - Ảnh 1." src="https://kenh14cdn.com/2019/4/21/web07-15557959293251910402623.jpg" /></a></p>\r\n\r\n<p>Lang thang, vật vờ cố b&aacute;m trụ v&agrave; rồi Grab như g&oacute;i m&igrave; t&ocirc;m vay bạn thời sinh vi&ecirc;n. Nghĩ vừa đi xin việc vừa chạy kiếm tiền lo tạm. Trong đầu lu&ocirc;n nghĩ &ldquo;ờ m&igrave;nh l&agrave;m tạm th&ocirc;i chứ ai lại l&agrave;m m&oacute;n n&agrave;y&rdquo;. Rồi cuộc sống cứ thế tr&ocirc;i đi, bố mẹ ở qu&ecirc; cứ tưởng n&oacute; l&agrave;m c&ocirc;ng ty li&ecirc;n doanh với nước ngo&agrave;i (em về ch&eacute;m thế). Mỗi khi về qu&ecirc; thấy bố mẹ khoe với họ h&agrave;ng nh&igrave;n n&eacute;t mặt tự h&agrave;o của họ em kh&ocirc;ng nỡ n&oacute;i thật. Từ đ&oacute; em dần dần sợ về qu&ecirc;.</p>\r\n\r\n<p>Cuộc sống xe &ocirc;m x&ocirc; bồ, tự do, l&acirc;u ng&agrave;y em thấy suy nghĩ v&agrave; h&agrave;nh động của m&igrave;nh n&oacute; kh&aacute;c hẳn ng&agrave;y trước. Mỗi khi bạn b&egrave; ở qu&ecirc; gọi điện thoại t&acirc;m sự, chuyện l&agrave;m ăn, vợ con, em thấy m&igrave;nh h&egrave;n thật. 25 tuổi tay trắng, ng&agrave;y ng&agrave;y b&aacute;n t&iacute;nh mạng để kiếm v&agrave;i đồng.</p>\r\n\r\n<p>Đ&ecirc;m về mệt th&igrave; kh&ocirc;ng sao, h&ocirc;m n&agrave;o kh&ocirc;ng ngủ được ngẫm c&aacute;i cuộc đời sao bạc bẽo thật. N&oacute; kh&ocirc;ng c&oacute; chỗ cho ch&uacute;ng ta ở đ&acirc;y. Cứ như thế n&agrave;y kh&ocirc;ng ổn, tương lai bất định. Nhiều l&uacute;c đi ship đồ cho những đứa bằng tầm m&igrave;nh, hay k&eacute;m t&iacute; thấy tủi nhục thật. 12h trưa chầu chực gần c&aacute;c qu&aacute;n ăn, mong chờ nổ được cuốc ship đồ. Nh&igrave;n thấy anh em đồng nghiệp cũng như m&igrave;nh, sức trẻ, học thức đ&agrave;ng ho&agrave;ng giờ đi l&agrave;m c&aacute;i n&agrave;y, x&oacute;t xa thực sự&hellip;&rdquo;</p>\r\n\r\n<p>C&ocirc;ng việc lương ba cọc ba đồng nơi t&ocirc;i đang l&agrave;m cũng kh&ocirc;ng kh&aacute; khẩm g&igrave;, nhiều l&uacute;c cũng tự nhủ: Hay th&ocirc;i về qu&ecirc;? Bỏ lại th&agrave;nh phố bạc bẽo, với những chật hẹp v&agrave; toan t&iacute;nh, trong l&ograve;ng th&agrave;nh phố v&agrave; trong l&ograve;ng mỗi người nơi đ&acirc;y.</p>\r\n\r\n<p>Nhưng về qu&ecirc; th&igrave; cuộc đời sẽ đi về đ&acirc;u?</p>\r\n\r\n<p><a href="https://kenh14cdn.com/2019/4/21/web11-15557959293271255699354.jpg" target="_blank"><img alt="Giàu nhà quê không bằng ngồi lê thành phố: Một thế hệ gạt nước mắt giữa phố thị, chênh vênh ở hay về - Ảnh 2." src="https://kenh14cdn.com/2019/4/21/web11-15557959293271255699354.jpg" /></a></p>\r\n\r\n<p>Người ta coi c&acirc;u n&oacute;i đ&oacute; như một lời đ&ugrave;a vui, c&ograve;n t&ocirc;i coi đ&oacute; như nỗi buồn của một lớp người nhập cư th&agrave;nh phố. Cuộc sống của những năm 2019 kh&ocirc;ng c&ograve;n nhiều sự k&igrave; thị từ người th&agrave;nh thị với người ngoại tỉnh, đ&oacute; l&agrave; điều may mắn cho những người như t&ocirc;i. Nhưng h&oacute;a ra, ch&iacute;nh những người nơi v&ugrave;ng qu&ecirc; ngh&egrave;o v&agrave; bản th&acirc;n ch&uacute;ng t&ocirc;i mới đang tự tạo những r&agrave;o cản, tr&aacute;ch cứ v&agrave; khinh miệt ch&iacute;nh m&igrave;nh.</p>\r\n\r\n<p>Chậm tiền nh&agrave; trọ, n&oacute;ng hầm hập m&agrave; kh&ocirc;ng c&oacute; tiền lắp điều h&ograve;a, những lần lang thang đi t&igrave;m việc&hellip; kh&ocirc;ng dưới 10 lần t&ocirc;i đ&atilde; nghĩ hay về qu&ecirc; t&igrave;m việc nhỉ? Nhưng về qu&ecirc; th&igrave; sẽ l&agrave;m g&igrave;? B&agrave;i to&aacute;n kinh tế lu&ocirc;n l&agrave; vấn đề khiến ch&uacute;ng t&ocirc;i ch&ugrave;n ch&acirc;n mỗi khi quyết định đi hay ở. Kiếm đồng tiền ở th&agrave;nh phố chưa bao giờ l&agrave; dễ d&agrave;ng nhưng ở qu&ecirc;, c&oacute; ch&uacute;t thu nhập cũng kh&oacute; đối với nhiều người. Quanh quẩn với mấy c&ocirc;ng việc đồng &aacute;ng, kinh doanh nhỏ lẻ, &ldquo;bao giờ mới ng&oacute;c đầu l&ecirc;n được&rdquo;?</p>\r\n\r\n<p><a href="https://kenh14cdn.com/2019/4/21/web17-1555795929329304227869.jpg" target="_blank"><img alt="Giàu nhà quê không bằng ngồi lê thành phố: Một thế hệ gạt nước mắt giữa phố thị, chênh vênh ở hay về - Ảnh 3." src="https://kenh14cdn.com/2019/4/21/web17-1555795929329304227869.jpg" /></a></p>\r\n\r\n<p>C&oacute; lẽ v&igrave; vậy, người ta n&oacute;i c&oacute; gi&agrave;u ở qu&ecirc; cũng kh&ocirc;ng bằng một đứa l&agrave;m c&ocirc;ng việc linh tinh tr&ecirc;n th&agrave;nh phố. Ai cũng muốn ng&oacute;c đầu l&ecirc;n th&agrave;nh phố d&ugrave; kh&ocirc;ng biết c&oacute; việc hay kh&ocirc;ng; th&agrave;nh phố được người ta gửi gắm những ước mơ đổi đời, rằng cuộc sống văn minh hơn v&ugrave;ng qu&ecirc; y&ecirc;n ả. Ch&uacute;ng t&ocirc;i của 10 năm trước, cuộc sống b&oacute; hẹp sau những con s&ocirc;ng c&aacute;nh đồng, cũng mơ được l&ecirc;n th&agrave;nh phố để đổi đời. Giờ bỏ lại th&agrave;nh phố l&agrave; bỏ lại ước mơ của một thời trẻ, bỏ lại nhiều năm cố gắng nỗ lực b&aacute;m trụ, bỏ lại cả những &ldquo;nền tảng&rdquo; đ&atilde; x&acirc;y dựng ở th&agrave;nh phố n&agrave;y. D&ugrave; t&ocirc;i biết, đến giờ m&igrave;nh vẫn tay trắng, thứ &ldquo;nền tảng&rdquo; c&oacute; được chắc l&agrave; cuộc sống b&aacute;m v&iacute;u v&agrave;o th&agrave;nh phố, chấp nhận &ldquo;ngồi l&ecirc;&rdquo; qua ng&agrave;y để kh&ocirc;ng phải về qu&ecirc;.</p>\r\n\r\n<p>Th&agrave;nh phố chật chội kh&ocirc;ng rộng lượng g&igrave; với những thanh ni&ecirc;n nhập cư, nhưng b&aacute;m trụ lại nơi n&agrave;y l&agrave; c&aacute;ch duy nhất nhiều người c&oacute; thể l&agrave;m. C&oacute; buồn khổ, họ cũng kh&ocirc;ng muốn phản bội niềm tin của m&igrave;nh về một cuộc sống tốt đẹp.</p>\r\n\r\n<p><a href="https://kenh14cdn.com/2019/4/21/web24-1555795929332144219758.jpg" target="_blank"><img alt="Giàu nhà quê không bằng ngồi lê thành phố: Một thế hệ gạt nước mắt giữa phố thị, chênh vênh ở hay về - Ảnh 4." src="https://kenh14cdn.com/2019/4/21/web24-1555795929332144219758.jpg" /></a></p>\r\n\r\n<p>L&ecirc;n th&agrave;nh phố, giấc mơ của cha mẹ đ&ocirc;i khi nặng g&aacute;nh hơn giấc mơ của từng c&ocirc; cậu mới mười t&aacute;m, đ&ocirc;i mươi.</p>\r\n\r\n<p>Cả cuộc đời bố mẹ ở qu&ecirc;, chỉ mong cho con m&igrave;nh c&oacute; cuộc sống tốt đẹp nơi th&agrave;nh phố - hai chữ &ldquo;tho&aacute;t ly&rdquo; đ&atilde; &aacute;m ảnh cuộc đời nhiều người v&agrave; c&acirc;u chuyện về những người sinh ra từ l&agrave;ng l&agrave;m gi&agrave;u tr&ecirc;n phố đ&atilde; đi theo tuổi thơ của bao lớp thanh ni&ecirc;n. T&ocirc;i thấy nhiều người đ&atilde; vươn l&ecirc;n l&agrave;m gi&agrave;u th&agrave;nh c&ocirc;ng, rất rất nhiều, nhưng họ kh&ocirc;ng phải t&ocirc;i. C&ograve;n bố mẹ, ai cũng chỉ mong đ&oacute; l&agrave; c&acirc;u chuyện của con m&igrave;nh.</p>\r\n\r\n<p>&ldquo;Thằng Hiếu nh&agrave; t&ocirc;i l&agrave;m tr&ecirc;n th&agrave;nh phố c&oacute; c&ocirc;ng việc tốt lắm, l&agrave;m g&igrave; cho c&ocirc;ng ty nước ngo&agrave;i ấy&rdquo;. C&ocirc;ng ty nước ngo&agrave;i c&oacute; thể l&agrave; v&agrave;i h&atilde;ng đồ ăn nhanh, v&agrave;i c&ocirc;ng ty vận tải&hellip;</p>\r\n\r\n<p><a href="https://kenh14cdn.com/2019/4/21/web28-1555795929334693867622.jpg" target="_blank"><img alt="Giàu nhà quê không bằng ngồi lê thành phố: Một thế hệ gạt nước mắt giữa phố thị, chênh vênh ở hay về - Ảnh 5." src="https://kenh14cdn.com/2019/4/21/web28-1555795929334693867622.jpg" /></a></p>\r\n\r\n<p>&ldquo;Con g&aacute;i nh&agrave; t&ocirc;i v&agrave;o tận S&agrave;i G&ograve;n l&agrave;m việc, &nbsp;th&aacute;ng n&agrave;o cũng gửi tiền về cho bố mẹ&rdquo; - chị ấy gửi tiền xong lại lẩm bẩm xem trong ph&ograve;ng c&ograve;n được mấy g&oacute;i m&igrave; t&ocirc;m, c&oacute; đủ cho v&agrave;i ng&agrave;y cuối th&aacute;ng kh&ocirc;ng&rdquo;.</p>\r\n\r\n<p>Giấc mộng đổi đời an ủi cuộc đời bố mẹ khi về gi&agrave;, đ&egrave; nặng l&ecirc;n vai những c&ocirc; cậu thanh ni&ecirc;n ngoại tỉnh với năng lực l&agrave;ng nh&agrave;ng như ch&uacute;ng t&ocirc;i. Ch&uacute;ng t&ocirc;i dần dần kh&ocirc;ng d&aacute;m về qu&ecirc; nhiều v&igrave; sợ những c&acirc;u hỏi của bố mẹ, hay h&agrave;ng x&oacute;m - cuộc đời của bố mẹ đ&ocirc;i khi chỉ c&oacute; niềm tự h&agrave;o l&agrave; những đứa con như ch&uacute;ng t&ocirc;i, nếu n&oacute;i rằng &ldquo;con thất nghiệp ở th&agrave;nh phố rồi bố ơi, cho con về qu&ecirc; nh&eacute;&rdquo; - n&oacute; như ng&agrave;n vết cứa v&agrave;o ước mơ cả đời của bố mẹ. Từ bao giờ m&agrave; t&ocirc;i sợ khi ai đ&oacute; n&oacute;i &ldquo;con l&agrave;m tr&ecirc;n H&agrave; Nội &agrave;, giỏi qu&aacute;&rdquo;.</p>\r\n\r\n<p>Cuộc đời của những c&ocirc; cậu mới ch&acirc;n ướt ch&acirc;n r&aacute;o ra khỏi đại học, mong t&igrave;m một cuộc sống y&ecirc;n ổn nơi th&agrave;nh thị cũng đ&acirc;u kh&aacute;c g&igrave; chuyện của những du học sinh nơi xứ người. Họ mang theo h&agrave;nh trang của m&igrave;nh, ước mơ của bố mẹ v&agrave; kh&aacute;t khao thay đổi cuộc sống. Rồi mỗi lần về qu&ecirc;, tr&ecirc;n tay lại lỉnh kỉnh những m&oacute;n đồ - cơ man vật chất chứng tỏ sự th&agrave;nh c&ocirc;ng của một cuộc sống hiện đại. Đ&ocirc;i khi người ta qu&ecirc;n đi những nỗi buồn của du học sinh, cũng như bỏ qu&ecirc;n cảm x&uacute;c của những đứa trẻ sinh ra l&agrave; người ngoại tỉnh phải chật vật nơi đ&ocirc; thị.</p>\r\n\r\n<p><a href="https://kenh14cdn.com/2019/4/21/web15-1555795929328167444391.jpg" target="_blank"><img alt="Giàu nhà quê không bằng ngồi lê thành phố: Một thế hệ gạt nước mắt giữa phố thị, chênh vênh ở hay về - Ảnh 6." src="https://kenh14cdn.com/2019/4/21/web15-1555795929328167444391.jpg" /></a></p>\r\n\r\n<p>Th&agrave;nh phố khắc nghiệt khiến bao người tuyệt vọng nhưng ch&iacute;nh niềm kỳ vọng lớn lao của mọi người v&agrave;o bản th&acirc;n mới khiến ch&uacute;ng ta gục ng&atilde; khi cuộc đời chỉ quẩn quanh nơi th&agrave;nh thị. Về qu&ecirc; kh&ocirc;ng được - ch&uacute;ng ta th&agrave; để bản th&acirc;n gục ng&atilde; c&ograve;n hơn để cả gia đ&igrave;nh, h&agrave;ng x&oacute;m phải thất vọng, ở lại để mong c&oacute; ng&agrave;y kh&aacute; hơn, ch&uacute;ng t&ocirc;i cứ vất vưởng, quăng quật bản th&acirc;n giữa th&agrave;nh phố lớn, cho đến khi n&agrave;o kh&ocirc;ng chịu được nữa th&igrave; th&ocirc;i.</p>\r\n\r\n<p>&ldquo;Ở qu&ecirc; em bọn học cấp 3 c&ugrave;ng trang lứa, ch&uacute;ng n&oacute; l&agrave;m kinh tế trang trại, chăn nu&ocirc;i, l&agrave;m đ&aacute; (l&agrave;ng em l&agrave;m đ&aacute; non bộ). Thu nhập cũng kh&aacute; v&agrave; ổn l&agrave; kh&aacute;c. Nhưng c&oacute; lẽ v&igrave; c&aacute;i m&aacute;c &quot;l&agrave;m tr&ecirc;n h&agrave; nội&quot; m&agrave; em v&agrave; kh&ocirc;ng &iacute;t anh em ở đ&acirc;y kh&ocirc;ng d&aacute;m về. Cũng chỉ c&aacute;i c&acirc;u &quot;gi&agrave;u nh&agrave; qu&ecirc;, kh&ocirc;ng bằng ngồi l&ecirc; th&agrave;nh phố&quot; n&oacute; &aacute;m ảnh.</p>\r\n\r\n<p>Em nghĩ nơi n&agrave;y kh&ocirc;ng d&agrave;nh cho những người qu&ecirc; như ch&uacute;ng ta, những kẻ sinh ra từ l&agrave;ng. Ngay l&uacute;c n&agrave;y đ&acirc;y, em th&egrave;m được ngửi c&aacute;i m&ugrave;i ngai ng&aacute;i của b&ugrave;n, m&ugrave;i thơm của kh&oacute;i rơm. Ng&agrave;y mai em sẽ về qu&ecirc; v&agrave; bắt đầu lại trước khi qu&aacute; muộn&rdquo;.</p>\r\n\r\n<p>Giữa d&ograve;ng xe cộ ken v&agrave;o nhau chẳng nhường, t&ocirc;i cũng th&egrave;m m&ugrave;i l&uacute;a non tr&ecirc;n c&aacute;nh đồng l&agrave;ng&hellip;</p>\r\n\r\n<p><a href="https://kenh14cdn.com/2019/4/21/web20-15557959293311961776987.jpg" target="_blank"><img alt="Giàu nhà quê không bằng ngồi lê thành phố: Một thế hệ gạt nước mắt giữa phố thị, chênh vênh ở hay về - Ảnh 7." src="https://kenh14cdn.com/2019/4/21/web20-15557959293311961776987.jpg" /></a></p>\r\n\r\n<p>Rốt cuộc th&igrave;, ch&uacute;ng ta đ&acirc;u c&oacute; chọn giữa th&agrave;nh thị hay n&ocirc;ng th&ocirc;n, cũng kh&ocirc;ng phải tiền hay vật chất - ở một nơi s&acirc;u thẳm trong h&agrave;nh tr&igrave;nh cuộc đời, ch&uacute;ng ta vẫn đang đi t&igrave;m những điều s&acirc;u xa v&agrave; &yacute; nghĩa hơn. Th&agrave;nh thị hay n&ocirc;ng th&ocirc;n chỉ l&agrave; một lớp vỏ, &ocirc;m ấp lấy ho&agrave;i b&atilde;o của mỗi người. Ch&uacute;ng ta chẳng bao giờ n&oacute;i: &ldquo;Ước mơ của cuộc đời em l&agrave; được sống ở th&agrave;nh phố&rdquo; m&agrave; chỉ đơn giản &ldquo;em ước c&oacute; cuộc sống hạnh ph&uacute;c&rdquo;.</p>\r\n\r\n<p>Tại sao ch&uacute;ng ta lại phải &aacute;p lực v&igrave; một thứ &ldquo;c&ocirc;ng cụ&rsquo; để đạt được điều khao kh&aacute;t thực sự trong cuộc sống. C&oacute; lẽ t&ocirc;i sẽ kh&ocirc;ng chọn về lại qu&ecirc; nh&agrave;, d&ugrave; đ&ocirc;i khi nhớ kh&oacute;i rơm đến quay quắt, ủ dột đến gục ng&atilde; - v&igrave; t&ocirc;i t&igrave;m được những điều m&igrave;nh muốn nơi đ&acirc;y. C&ograve;n nếu bạn đ&atilde; qu&aacute; mệt mỏi trong h&agrave;nh tr&igrave;nh n&agrave;y rồi, về đi, nơi đ&acirc;u cũng c&oacute; niềm vui.</p>\r\n\r\n<p><a href="https://kenh14cdn.com/2019/4/21/web25-1555795929333932952025.jpg" target="_blank"><img alt="Giàu nhà quê không bằng ngồi lê thành phố: Một thế hệ gạt nước mắt giữa phố thị, chênh vênh ở hay về - Ảnh 8." src="https://kenh14cdn.com/2019/4/21/web25-1555795929333932952025.jpg" /></a></p>\r\n\r\n<p>Trong v&ocirc; v&agrave;n thứ &aacute;p lực của tuổi trẻ, &aacute;p lực vươn m&igrave;nh ra th&agrave;nh thị khiến nhiều người thấy bế tắc. Nếu kh&ocirc;ng vươn m&igrave;nh được ra biển lớn, h&atilde;y cứ l&agrave;m một d&ograve;ng s&ocirc;ng nhỏ &acirc;m thầm chảy kh&ocirc;ng được sao? Những người bạn giỏi giang, họ sống ki&ecirc;n cường tr&ecirc;n mọi mảnh đất - họ mở homestay, x&acirc;y trang trại, ph&aacute;t triển trung t&acirc;m tiếng Anh ở qu&ecirc;, l&agrave;m việc freelancer&hellip; Tất cả đều đang c&oacute; một cuộc sống tốt đẹp, kh&ocirc;ng phải quệt nước mắt giữa đ&ecirc;m rồi tự hỏi: Hay l&agrave; bỏ tất cả th&ocirc;i?</p>\r\n\r\n<p>Nếu cuộc sống kh&oacute; khăn qu&aacute;, bạn c&oacute; thể chọn c&aacute;ch đứng dậy nỗ lực th&ecirc;m một lần nữa. V&agrave; bạn cũng c&oacute; thể chọn một con đường kh&aacute;c - về qu&ecirc; kh&ocirc;ng phải từ bỏ khi con đường tới hạnh ph&uacute;c đ&acirc;u c&oacute; phải xa lộ cắt ngang th&agrave;nh phố. Ch&uacute;ng ta chỉ đang chọn một lối đi ph&ugrave; hợp hơn cho cuộc đời n&agrave;y m&agrave; th&ocirc;i.</p>\r\n\r\n<p>Sao con vẫn chưa về?</p>\r\n\r\n<p>Qu&ecirc; m&igrave;nh cũng c&oacute; n&uacute;i non, cũng c&oacute; con người, phố phường v&agrave; xe cộ</p>\r\n\r\n<p>Cớ chi con cứ phải tranh với người ta</p>\r\n\r\n<p>Rồi đi m&atilde;i</p>\r\n\r\n<p>Xa nh&agrave;</p>\r\n', 'Phố thị đôi khi không yêu thương người ta như vùng quê yên ả, nhưng ở lại hay đi cũng chẳng vì chuyện cảm xúc cá nhân. Ràng buộc bởi nhiều áp lực,\r\n											nhiều người chênh vênh giữa dòng xe đông đúc: Tiếp tục ở lại thành phố hay\r\n											về quê với cuộc đời mới?', 2),
	(14, 'Đây là nhóm máu duy nhất có thể tự động kháng lại căn bệnh giết chết cả', '2019-06-21', _binary 0x2F696D672F72332E6A7067, 2, 13, 0, 0, '<p>Đâu là sinh vật nguy hiểm nhất trên đời này? Đáp án không phải cá mập, hổ, báo, sư tử, hay kể cả con người, mà thuộc về sinh vật nhỏ bé hơn rất nhiều: muỗi.</p><p>Con người từ lâu đã nhận ra sự nguy hiểm của muỗi và làm mọi cách để loại trừ. Từ những cú đập vô thưởng vô phạt, đến nỗ lực đầu độc, thậm chí là... triệt sản, mà chúng vẫn cứ nhởn nhơ cho đến ngày nay và giết hàng triệu người mỗi năm.</p><p class="ql-align-center"><a href="https://kenh14cdn.com/2019/4/23/female-anopheles-albimanus-mosquito-1078x516-1555996641758395433772.jpg" target="_blank" style="color: transparent;"><img src="https://kenh14cdn.com/2019/4/23/female-anopheles-albimanus-mosquito-1078x516-1555996641758395433772.jpg" alt="Đây là nhóm máu duy nhất có thể tự động kháng lại căn bệnh giết chết cả triệu người mỗi năm - Ảnh 1."></a></p><p>Muỗi đốt người, hút máu và lan truyền virus trong cộng đồng. Đặc biệt là sốt rét - hiện tại đây là căn bệnh chịu trách nhiệm cho phân nửa số người chết vì muỗi mỗi năm. Dù số lượng đang dần giảm xuống, nhưng con số vẫn là rất lớn. Theo thống kê từ Tổ chức Y tế thế giới WHO, 219 triệu người trên 87 quốc gia bị mắc sốt rét. Và trong năm 2017, có khoảng 435.000 người tử vong vì nó.&nbsp;</p><p>Vấn đề nằm ở chỗ, căn bệnh này hoàn toàn có thể phòng ngừa và chữa được. Điều này khiến cho các nhà khoa học đặt ra câu hỏi: làm cách nào để có được giải pháp phòng sốt rét tốt hơn? Và theo như nghiên cứu mới đây, câu trả lời có khả năng nằm ở nhóm máu của chúng ta.</p><p class="ql-align-center"><a href="https://kenh14cdn.com/2019/4/23/extralarge-1555710328-cover-image-1555996054410153368364.jpg" target="_blank" style="color: transparent;"><img src="https://kenh14cdn.com/2019/4/23/extralarge-1555710328-cover-image-1555996054410153368364.jpg" alt="Đây là nhóm máu duy nhất có thể tự động kháng lại căn bệnh giết chết cả triệu người mỗi năm - Ảnh 2."></a></p><p class="ql-align-center"><em>Nhóm máu O có khả năng bảo vệ cơ thể tốt hơn trước virus sốt rét</em></p><p><br></p><p>Nghiên cứu do Abraham Degarege Mengist - hiện đang bảo vệ luận án tiến sĩ tại Trường Y tế cộng đồng Robert Stempel thuộc ĐH Park (Hoa Kỳ) thực hiện. Theo đó, có&nbsp;một nhóm máu cho phép cơ thể chống lại sự tấn công của virus sốt rét tốt hơn.&nbsp;</p><p>Và đó là nhóm máu O. Các nhóm A, B, và AB đều không bảo vệ cơ thể tốt bằng.</p><p><em>"Hiểu được cách các nhóm máu phản ứng với virus sốt rét, chúng ta sẽ mở ra con đường phát triển một phương pháp điều trị mới, thậm chí là vaccine mới hiệu quả hơn,"&nbsp;</em>- Mengist cho biết.</p><p>Theo giả thuyết của Mengist, áp lực chọn lọc tự nhiên đã khiến tỷ lệ người có nhóm máu O tăng đột biến ở vùng Hạ Saraha châu Phi - nơi dịch sốt rét vẫn đang hoành hành. Và vì các nhóm A, B và AB có thể tạo điều kiện để virus phát triển mạnh, nên các chuyên gia đang đề giải pháp truyền máu O sang họ để ưu tiên giảm triệu chứng bệnh, để từ đó cứu bệnh nhân dễ dàng hơn.</p><p>"Khi bắt đầu hiểu được cơ chế kháng bệnh của các nhóm máu, chúng ta sẽ có nhiều lựa chọn hơn đối với các bệnh nhân trong vùng dịch," - Mengest chia sẻ.</p><p>Nghiên cứu được công bố trên tạp chí&nbsp;Blood Reviews.</p>', 'Căn bệnh chúng ta đang nhắc đến là sốt rét. Và theo như các nhà khoa học, có\r\n											một nhóm máu cho phép chúng ta chống lại được căn bệnh này.', 1),
	(17, '1111111111111111', '0000-00-00', _binary '', 3, 1, 0, 0, '<p>11111111111111111111111111111</p>', '111111111111111111111', 1);
/*!40000 ALTER TABLE `post` ENABLE KEYS */;

-- Dumping structure for table magazine.post_tag
CREATE TABLE IF NOT EXISTS `post_tag` (
  `post_PostID` int(11) NOT NULL,
  `tag_tagID` int(11) NOT NULL,
  PRIMARY KEY (`post_PostID`,`tag_tagID`),
  KEY `FK_post_tag_tag` (`tag_tagID`),
  CONSTRAINT `FK_post_tag_post` FOREIGN KEY (`post_PostID`) REFERENCES `post` (`PostID`),
  CONSTRAINT `FK_post_tag_tag` FOREIGN KEY (`tag_tagID`) REFERENCES `tag` (`TagID`)
) ENGINE=InnoDB DEFAULT CHARSET=utf8;

-- Dumping data for table magazine.post_tag: ~0 rows (approximately)
/*!40000 ALTER TABLE `post_tag` DISABLE KEYS */;
/*!40000 ALTER TABLE `post_tag` ENABLE KEYS */;

-- Dumping structure for table magazine.role
CREATE TABLE IF NOT EXISTS `role` (
  `RoleID` int(11) NOT NULL AUTO_INCREMENT,
  `RoleName` varchar(50) DEFAULT NULL,
  PRIMARY KEY (`RoleID`)
) ENGINE=InnoDB AUTO_INCREMENT=5 DEFAULT CHARSET=utf8;

-- Dumping data for table magazine.role: ~4 rows (approximately)
/*!40000 ALTER TABLE `role` DISABLE KEYS */;
INSERT INTO `role` (`RoleID`, `RoleName`) VALUES
	(1, 'subscriber'),
	(2, 'writer'),
	(3, 'editor'),
	(4, 'admin');
/*!40000 ALTER TABLE `role` ENABLE KEYS */;

-- Dumping structure for table magazine.status
CREATE TABLE IF NOT EXISTS `status` (
  `ID` int(11) NOT NULL AUTO_INCREMENT,
  `StatusName` varchar(50) DEFAULT NULL,
  PRIMARY KEY (`ID`)
) ENGINE=InnoDB AUTO_INCREMENT=4 DEFAULT CHARSET=utf8;

-- Dumping data for table magazine.status: ~3 rows (approximately)
/*!40000 ALTER TABLE `status` DISABLE KEYS */;
INSERT INTO `status` (`ID`, `StatusName`) VALUES
	(1, 'Đã duyệt'),
	(2, 'Chưa duyệt'),
	(3, 'Bị từ chối');
/*!40000 ALTER TABLE `status` ENABLE KEYS */;

-- Dumping structure for table magazine.subscriber_cmt_post
CREATE TABLE IF NOT EXISTS `subscriber_cmt_post` (
  `SubID` int(11) NOT NULL,
  `PostID` int(11) NOT NULL,
  `date` date DEFAULT NULL,
  `content` text,
  `subscrider_cmt_postcol` varchar(45) DEFAULT '',
  PRIMARY KEY (`SubID`,`PostID`),
  KEY `FK_subsciber_cmt_post_post` (`PostID`),
  CONSTRAINT `FK_subsciber_cmt_post_post` FOREIGN KEY (`PostID`) REFERENCES `post` (`PostID`),
  CONSTRAINT `FK_subsciber_cmt_post_subscriber` FOREIGN KEY (`SubID`) REFERENCES `user` (`ID`)
) ENGINE=InnoDB DEFAULT CHARSET=utf8;

-- Dumping data for table magazine.subscriber_cmt_post: ~0 rows (approximately)
/*!40000 ALTER TABLE `subscriber_cmt_post` DISABLE KEYS */;
INSERT INTO `subscriber_cmt_post` (`SubID`, `PostID`, `date`, `content`, `subscrider_cmt_postcol`) VALUES
	(2, 1, '2019-06-19', 'Viết rất có tâm cần phát huy', ''),
	(12, 1, '2019-06-19', 'Hay quá', '');
/*!40000 ALTER TABLE `subscriber_cmt_post` ENABLE KEYS */;

-- Dumping structure for table magazine.tag
CREATE TABLE IF NOT EXISTS `tag` (
  `TagID` int(11) NOT NULL AUTO_INCREMENT,
  `TagName` varchar(45) NOT NULL DEFAULT '0',
  PRIMARY KEY (`TagID`)
) ENGINE=InnoDB DEFAULT CHARSET=utf8;

-- Dumping data for table magazine.tag: ~0 rows (approximately)
/*!40000 ALTER TABLE `tag` DISABLE KEYS */;
/*!40000 ALTER TABLE `tag` ENABLE KEYS */;

-- Dumping structure for table magazine.user
CREATE TABLE IF NOT EXISTS `user` (
  `ID` int(11) NOT NULL AUTO_INCREMENT,
  `Remain` int(11) NOT NULL DEFAULT '0',
  `Email` varchar(50) NOT NULL,
  `Pass` varchar(50) DEFAULT NULL,
  `Birthday` date DEFAULT NULL,
  `Role` int(11) DEFAULT '1',
  `CatID` int(11) DEFAULT NULL,
  `Name` varchar(50) DEFAULT NULL,
  `NickName` varchar(50) DEFAULT NULL,
  PRIMARY KEY (`ID`),
  KEY `FK_subscriber_category` (`CatID`),
  KEY `FK_user_role` (`Role`),
  CONSTRAINT `FK_subscriber_category` FOREIGN KEY (`CatID`) REFERENCES `category` (`CatID`),
  CONSTRAINT `FK_user_role` FOREIGN KEY (`Role`) REFERENCES `role` (`RoleID`)
) ENGINE=InnoDB AUTO_INCREMENT=24 DEFAULT CHARSET=utf8;

-- Dumping data for table magazine.user: ~6 rows (approximately)
/*!40000 ALTER TABLE `user` DISABLE KEYS */;
INSERT INTO `user` (`ID`, `Remain`, `Email`, `Pass`, `Birthday`, `Role`, `CatID`, `Name`, `NickName`) VALUES
	(1, 0, 'glenntu163@gmail.com', '123', '2019-06-20', 2, 13, 'Huỳnh Anh', 'HA'),
	(2, 7, 'aaa@gmail.com', '123', '2019-06-20', 1, 13, 'Thanh Tâm', 'TT'),
	(12, 1, '1612839@student.hcmus.edu.vn', '$2b$10$cPI5zfay/13VK1uWMnNGoOxHypRtes5PHZr6gpNOMWf', '1998-03-15', 3, 13, 'Từ Huỳnh Anh', 'HA'),
	(18, 1, 'huynhanh@student.hcmus.edu.vn', '[object Promise]', '2019-06-19', 3, NULL, 'Huỳnh Anh', 'HiHi'),
	(19, 0, 'huynhanh163@student.hcmus.edu.vn', '$2b$10$uIn9TDqNIE6zi2MFacSAQeRinQ0v8edFlrAmgR4oBTi', '2019-06-20', 3, 13, 'HA', NULL),
	(20, 0, '1612839163@student.hcmus.edu.vn', '$2b$10$BLDA24xsCR5HyUV0A7SVn.p9mL50CZU7PzDGEP3Eygr', '2019-06-20', 1, NULL, NULL, NULL),
	(21, 7, 'admin@student.hcmus.edu.vn', '$2b$10$1R8LB806apwrbV79j73V0unBqOD6BC1FfgvY/3euOoG', '2019-06-20', 4, 1, 'Admin', NULL),
	(22, 7, 'writer@student.hcmus.edu.vn', '$2b$10$Pp3N0K5fE.lvY6bFwKaKEOBnRn8B64EbNBp.qtahNYt', '2019-06-19', 2, NULL, 'writer', 'WR'),
	(23, 7, 'editor@student.hcmus.edu.vn', '$2b$10$g6YFziv2xzm4XMYAdu/0xeJY.8VJzs.3KKdhrU49uqP', '1998-03-16', 3, 13, 'edit', 'Edit');
/*!40000 ALTER TABLE `user` ENABLE KEYS */;

/*!40101 SET SQL_MODE=IFNULL(@OLD_SQL_MODE, '') */;
/*!40014 SET FOREIGN_KEY_CHECKS=IF(@OLD_FOREIGN_KEY_CHECKS IS NULL, 1, @OLD_FOREIGN_KEY_CHECKS) */;
/*!40101 SET CHARACTER_SET_CLIENT=@OLD_CHARACTER_SET_CLIENT */;
